filename,hash
0.jpg,c0c6b7f934672982c05e1c1ae579f9ab
1.jpg,97b255322b35e30c2b951dbe63e409d7
10.jpg,0ff3bfc230470b0ecedb08773cec2ca9
100.jpg,5fc35b186a0f093e01a0469377c3f5bc
1000.jpg,7548291b7bfa7dfa9e93496723c391ab
1001.jpg,2f9905ef4687329fa56d603a709cd405
1002.jpg,ce730d894f64fd0103154e43672cf1aa
1003.jpg,78ec4ce0dd5f7148e95670e0589a2094
1004.jpg,ebe9df9e0c38ee67037e2c9df9b3a0e3
1005.jpg,e05100208bab38b2c44d067ccb41f8cb
1006.jpg,38a80a9fd8c29e87122941d8dc78b5a9
1007.jpg,c19b66a35301fc1118731b7ae6aa28ce
1008.jpg,c952ea36b81527a560b55a6195bb83c7
1009.jpg,3bb31669bb9f3562d36906e722d9138f
101.jpg,11c6bfe13deeb36139c01b79e83734e6
1010.jpg,0c76b7047b17c10573bbd93cf923ef4f
1011.jpg,bc7e16a1fa6fe50768a3f007c282ad26
1012.jpg,c82bca3273bbf5adc9ea66ef4920968a
1013.jpg,6c9b470e0276334d971b67367b25636a
1014.jpg,27697f53fe8e9b277ccffef24086c580
1015.jpg,d4a074462b38da4b78cad9b9b58fae60
1016.jpg,e8f1379414e4c1e0a9703852e49ad070
1017.jpg,341d688a5dc71b4da01c12bbc472f5ed
1018.jpg,cba280e0bb9ce6fc3047ea210598bb5c
1019.jpg,e77b22efe08476cf67eaa9fe4864362e
102.jpg,d3e1feb791e9216b91b90881c89d48c3
1020.jpg,c262aac3cb9e9af78bd59cfae7eb7ec2
1021.jpg,ac40f20132f493e22823e8ff1be0f228
1022.jpg,26564f1d217434109bbd60072c375028
1023.jpg,a9bb2ae326f5a923471327933a312d19
1024.jpg,6fb8c515592e3fa9cb2349422dd82474
1025.jpg,0185bda3af20233e72dc3ad6d6f1f338
1026.jpg,bb4a06b5b187838d24ae10a924a3db1e
1027.jpg,9b4e1274e430680483e480bd414c4855
1028.jpg,b5e2d4beef06d02aba571ead034a6177
1029.jpg,2780dcdb1466e2e2c9d51d73f0d74576
103.jpg,d0cf685868bf8aaae9325eba9cb576b3
1030.jpg,ce76d921300f2a500290feb21f2df7a3
1031.jpg,e84ea27228408f0a5f3eb72d6f75d638
1032.jpg,3a1c2495cedea67bd7c647930d51fdd3
1033.jpg,96c29a82f8e9e0904cda086ced3bacdd
1034.jpg,cc275a923f9c2fbb9d9f58ef5e58e7e8
1035.jpg,cef65cdbe414c4a683cfc6297f34f28b
1036.jpg,643aaacd5f1f14ffde0d58f9da0a3f1d
1037.jpg,c985a4ba0d6bc2aad013514af19cedf6
1038.jpg,c13263f6839c2383d6d460812295c0c1
1039.jpg,d96b72571c3b2aa8f56694f2a7fbb27b
104.jpg,a9b562ba8dda0c92fd3da0b3b0647684
1040.jpg,7d99a0316469444bf2be134ada2988ef
1041.jpg,9f24a5bde98b9f4a838a1358dd0374aa
1042.jpg,cc8f54e4dcae50f005e7ce700dcef20b
1043.jpg,c847104a569f198accc28ddf3ebaa0fd
1044.jpg,fa40bb34836ed6417206f8b8bcb871dd
1045.jpg,e142473f18baf447dcf83a84645109cb
1046.jpg,c7b9bc9bbfe6e5f747dad0dbfac7af11
1047.jpg,91da94dd28023db252337fcb1e8576e5
1048.jpg,ab8b214bff5b25c461093920a4f0b40a
1049.jpg,be3ad4d17b59aed8eb5f8075f22408a8
105.jpg,1aa7e835df4a4667e4ae54cfc754605a
1050.jpg,a2153dd7b02a396c35ee27277ababda8
1051.jpg,e6a2059d014b7a5c9f83c3674a604a4a
1052.jpg,a48e705172e1f213b7b58323d9141b39
1053.jpg,cb99c2a68f72c8dd50ed29640bfe5b21
1054.jpg,b06c18e5544a7543ac28bf2407343a72
1055.jpg,030b8fc8622ab8a819ba208276cd748f
1056.jpg,cca9e40ed3e472b9e738c7228d1fda01
1057.jpg,d552b7c298fe235b4098035822934ecd
1058.jpg,714351a12b7f766bc359017c6d2509b1
1059.jpg,e3bd5b3d5c8a26c4b154c2b1d9d5fe9a
106.jpg,b0767c7fb34fc072cd7a424069a31815
1060.jpg,05918a74416d0afbf5c26afbbef4127b
1061.jpg,bd8c056b598dc957548b1e58b19c86b9
1062.jpg,0c649a4e4aaab040f26c4f9b5bbc3d99
1063.jpg,b524b20b3404963f09d81b81b42c874a
1064.jpg,5f536b7b9208bb3f483adc39e55c4e17
1065.jpg,eca6535d7a236b2d3c1f2ec662aa9c32
1066.jpg,bbb0e223ea9da88d25c3504005f28f10
1067.jpg,ac6d32f0c486f6e5130b02f7347033f6
1068.jpg,46a55b086e0e9152b3228010af8cbe9a
1069.jpg,6a805ac27efa38741fe40b378ff08743
107.jpg,ce638f9e06cff4288787682498b4b422
1070.jpg,0532d86ca5062f187965cf233270cd1f
1071.jpg,a69b431aab5c38fe9c308adbe6710557
108.jpg,2ca3170b0389d7a8e30e908b542a04ba
109.jpg,932cde641df94c9162d6c9712c6e5eec
11.jpg,d593d2c301ad2414bb9e5e8f21acab14
110.jpg,9423f8ae6e998b0e7ba876f3440ea2a4
111.jpg,a18009a40b2ee8a422aeb5e1d4b3ca37
112.jpg,77ac49dc16d51c24debc72081d0cd8a5
113.jpg,dd4493cf41bc136176929e7398de2b0e
114.jpg,43bc81f3c051a5af2c01e00be8218d77
115.jpg,f18586acbea5a94287022f721fd5555b
116.jpg,8e62db538e22ac134d9ff25680ba03be
117.jpg,a37e9706666900d1ecec8e6f01a1b71a
118.jpg,7c9b72609c4d194f1d80c7c67983c9e4
119.jpg,b18d0d8f4b50bb9e6d57fb5b5d12d00e
12.jpg,8ca72f891509a548481db542203593f2
120.jpg,9cb9b3f6e8bf248310e9d2dd399cb2bc
121.jpg,c3d1ddfe2b1efde503fec092608e9934
122.jpg,a673298f375fe6e811a1a8cb22028fe1
123.jpg,afe568ee23e5ea5986b63880f5ccbeed
124.jpg,ba3f74c1b89a5ce60c87e61c937c8d97
125.jpg,d74fe565c34efe9df429c6b89830b581
126.jpg,421696c7116efde7b39ee2d32532dc33
127.jpg,ad1c0aea331b9057d9e0268b39f5f102
128.jpg,07d96afe2ac3628f8d5c35a224c1032a
129.jpg,15e44646b4115f4dc8ab64977435b9c7
13.jpg,fddaa030b8b3e175bf4f0a6ac7d4631a
130.jpg,513cde08ad0e12cd025cae29202d30b0
131.jpg,39d24cdda16a6668222a46ccd1bd63f2
132.jpg,cfc9a36d98b70a56b90705d45dc23db5
133.jpg,7ddb6a4114ffadf293482f8761f11093
134.jpg,7aff3842938a47c0d2ac43e0fd60ff1d
135.jpg,1c83794b3f4839da2afbba1cf3820476
136.jpg,4a6e2723bc7a4b212b217a5273ccefe1
137.jpg,0b958b6da050a5d44271227c7b3de5f8
138.jpg,436217d293fa4400115a0aca9e142387
139.jpg,f3508d484e84754c42dd1aea8d7cd73b
14.jpg,8288ddbc15e10bfabbc79de9d448d941
140.jpg,fdbfc4e4886390544e658d9e6d3ca7ea
141.jpg,ab33079a787c29168a0eefa7558f96f7
142.jpg,f368d0f197e9ca9dd7dfe8ea1c2c183d
143.jpg,f158718ea655207e3ebcbe50734b4f46
144.jpg,4a11a8a1e7169eda2374a506643108bc
145.jpg,fd7db3df207a5b9f855bbfa38b554e7c
146.jpg,695c2b1d243cd3236bb9f85b484b5a5c
147.jpg,739e495526414d34103a42eefb50da9d
149.jpg,be35eb129fdc4d9a06d81e592844de79
15.jpg,442ebaa89a1d5a06b9da254696fc6d96
150.jpg,0c444cecc48fbb6c6f0cda44eecd1087
151.jpg,f8abae05e08df1ab6263c88d20998864
152.jpg,0dbebedf02bb80118a7b445bbb61c351
153.jpg,b409fa93bb55245cddce5eef1c0ac49f
154.jpg,2f462d15e1a378b8d015dd3d28a8eea4
155.jpg,47aa0e6444154cd27126c07d71ff860b
156.jpg,585036869e78afd23f7d9d166a2d31cc
157.jpg,7bac14b7d2bd594e61099ef6c9743b83
158.jpg,3ef61ef637497b9cfb10e16ccb67cb0d
159.jpg,3a5421ff9154f9480401c58df92fe22c
16.jpg,6b5c9b1426477fcf9ce6131d5f43c32a
160.jpg,c80ce3293c70fe315f44a32acc774335
161.jpg,62611247027d4418c5499391699241bf
162.jpg,bc7f3d3715ff22e7e27a9cc7bfcf4287
163.jpg,eb414faceb956f73f12fb1cc53ee336d
164.jpg,387efcb60da563bd750b22609f7d3447
165.jpg,8cd0e46215c84b051de52174874b36f6
166.jpg,6bfb0ab21d09a3633e5a0055c848d1fd
167.jpg,44df4d13437a7f600eb983a252e17302
168.jpg,80db08704ab8c8e091c0c2dba1b0f40b
169.jpg,3d82bbdc23562ec210843e0586d6f929
17.jpg,435ca3b1a3c304974e448a492eaddd7b
170.jpg,236294c3f5f0c0268298ccc7d93b64db
171.jpg,55b407e384bf3a971f3d37efd12638ef
172.jpg,989e2c2f757126130909187773fddf77
173.jpg,d7a334a453093f6d6827c4c325ad2356
174.jpg,2f2a2820bb7c3de4f464496cb1fa551f
175.jpg,a72c5d10c051281befadb5b5d417ef55
176.jpg,46ae878bc7f76e3a83d05103352bec33
177.jpg,6a3c5fc849913e14e03be201f7283ff1
178.jpg,8aee5d7a0d026829b5f645b835eb76e7
179.jpg,897ee6fb91a4fb39ce38a2d9ade852ff
18.jpg,a7ce96ca8a32d80ffda1dc34f624e278
180.jpg,e9f88a3d73cbb6778bb9531d83f7ec62
181.jpg,e11834a79261aa08e70d049ed0b46bf4
182.jpg,cf4c6b5a203561f8332b2404b33dac09
183.jpg,db785df9ef5c44bc881d39768aff7b29
184.jpg,0c8220f30d9230ed6c845c1fc770a13f
185.jpg,cdb3a6672da1adfb184422fbeeb21f9a
186.jpg,a61e82bc83e6c968f5a8384c853f1b2c
187.jpg,0b77330fdcf43c8c1b730cd3ba15f920
188.jpg,147c0beeaf0f2c5ee96c8248efb0d741
189.jpg,4d8f3734dcdc3555c041b005105f0031
19.jpg,ca8bd608f46418f9275f23d1abb02719
190.jpg,8f0c6fd9646abf65eb152ed7ff047966
191.jpg,040c09f334c91668a3c5f73292eda6a0
192.jpg,2c5156aa84cbd2263c8b2525663e3d13
193.jpg,904afa1c4e8e0495c0cb82dea332f8d7
194.jpg,839b94d3272e244a22d904c4b08f3bc1
195.jpg,28777d1122f1417ceb404bb469825ad8
196.jpg,401277d51ab2c17a9c039922fa037184
197.jpg,f3f5338bed44382dde0dc5e886ed72a5
198.jpg,277172e40e093f494715a80c58cf5527
199.jpg,bf5c6459032504ed7182cead7f7fd64c
2.jpg,97ad821e1e5acc0f1b5f040e18591dc4
20.jpg,9e36aa154966747898542505a48b8f4c
200.jpg,fef4bb165f22613f24094ee99390df48
201.jpg,b3695a0be252d22614885049d0e92a7c
202.jpg,c4749535fe52710c28e6712a46c9f9d6
203.jpg,3ed269a00e422bfb70ee91e9ec713a87
204.jpg,a99cef613c241cb9649e52e266e4910a
205.jpg,a7d9fab9d5da47231160b25ee642ad39
206.jpg,025154d89db1c131f84c3ac4e69c7e92
207.jpg,361944ec218dcf36cbb2e1db6ea0a3d4
208.jpg,2a826dec7865ee41432affa8f8453632
209.jpg,859483f8a7c325285f1869d2d08c2826
21.jpg,214e1c3832d5511382441058c89f44f8
210.jpg,7d79b81bb186cca91d188c0e61efb678
211.jpg,399395b9c0fe8bfe76d6cf7710f20417
212.jpg,3256be6d265bcc78da4d92f0bd68a4a6
213.jpg,0b45633d0c4141a1c421300a6c571764
214.jpg,adcc44d3094736fc5c085ad0414a8764
215.jpg,2d743a3f6a295cb78f26a342cc54e6c8
216.jpg,4aae79dbb8ba98b1d09a79218f4c9324
217.jpg,7fcc7693f661c811b0a1ecec651cced0
218.jpg,757b6c250608886c14ad47a016ea8b05
219.jpg,6e5ea5b530e8642e51f40bbaaa5f91fe
22.jpg,4aec63d9677014bb535b12361bbd087a
220.jpg,312eb137fec0b8aaca1b94e8608eeedc
221.jpg,3d330e1ffd7f0310afaa30d54e9b1601
222.jpg,e48bdacfdec139175966204cb8291071
223.jpg,957bc067c3a813fafdc4c68e736d071d
224.jpg,fed76bbf73923367601ca768958407a2
225.jpg,d8236b0fd54e4dfb630a7f57731bec4b
226.jpg,6271f97817a0debfc292864e2ccb8ef6
227.jpg,b8487a42aaaad92a2da8a18e4c9d8340
228.jpg,4a9d12c4021cc7c0de2695a68c5a114c
229.jpg,e2d6a00bf5bccfafcc54c835faa1de91
23.jpg,22aba54abbd6bc74d2d34fa14fed1e5c
230.jpg,1c466a867a5991222e1311571a489584
231.jpg,32040ca512eb9da2bd3c3731b1f137cb
232.jpg,2d82d8b98d67b0d083146b4917e652f3
233.jpg,30c545fe085238bed4b658be97f44a8a
234.jpg,49b017ff73ef45c9dc82a0fe5bcacb64
235.jpg,c3ad0a006df8b5937c8ad6fe6398c40d
236.jpg,7e1d8cbf343a33f55ce7a090414adc59
237.jpg,a61a1e32fcdbea28e894980570ece7a3
238.jpg,c47b512d6640f6d96e32c17f5245aee7
239.jpg,526e77eb4a3dd464b2bd38be1200a410
24.jpg,9f355fde829f12e129e0b57cca9fb90a
240.jpg,99710ec3ac8fbffd6e98a379e727cdd4
241.jpg,ea655054fac5d3a50a705d291f244b4b
242.jpg,c579314253f564c4ef6be342cf36aed0
243.jpg,7f90cda3865321c28f54b13445ba278a
244.jpg,d62b0e125003465216edcb0aa3b125c0
245.jpg,ac87dbfbd1385d4fe27b5ec6935712ba
246.jpg,c2ce506cab8febd36410a0016ed50b26
247.jpg,afdcc54d8f1d54c583fc0c6ef7c47c39
248.jpg,bdfb848b27328e0c341c18308ce11b61
249.jpg,71a8e26d625057304b829017946d45a8
25.jpg,11e770a93302cb4f84299943c605260e
250.jpg,e224a134ed2ab2ea0ce2e49140b92a12
251.jpg,e5f86668e048e86032fee15bc9f71ac6
252.jpg,680e17057fc59c593983998089562e62
253.jpg,1bc363e3406a29126d4e82db84a453a4
254.jpg,23248276874c26f2a7c2939e4d51fcd7
255.jpg,53a59ed66d10b3ad4877b826eaf7adf8
256.jpg,5c3dedf8b1069faf30b08867acabb34c
257.jpg,3ac3cdf30c9d6f08439c1ff2f9afef66
258.jpg,33c563da01a360b97f4f859241556d2b
259.jpg,da02131a6424b6dfac1f7959011f4f2e
26.jpg,3e374b9e005ede87d79501329fa94c0b
260.jpg,7fe534e6747d7a924eb06e3e39cbe993
261.jpg,c516f6aaf301f243afbeed6137b0ec6d
262.jpg,e6eb08932c937b7700c466bf89907429
263.jpg,8ae3d52a974bb53c427162c025fabe1c
264.jpg,917c50f14e10a1e05766510c810baabd
265.jpg,53eb73a207e4b6b6e6bfc58209aca120
266.jpg,8200b8dd42454845b0123f563656a09e
267.jpg,fca65fbb16ab21f1c91b3ed1f65d6d8c
268.jpg,0ce44e9fcd7773253eb5d40881a5313d
269.jpg,3f9d1a53f92d4c863784375528900b9a
27.jpg,2b63092baca444a3d33748e83c4ea0dd
270.jpg,fe771742f6b9b2b8986505831cd56a97
271.jpg,b417043f5c8db030af1d7a7cf69b74ee
272.jpg,1e0a20a9875255ee7bc669b06264dd96
273.jpg,1806f151a6cd9dcd66f0052aefb6a9e4
275.jpg,98eed2615909d301d69272e40a4bc3e9
276.jpg,144cc8b39f05f807e70bac8181065289
277.jpg,3a20ecd9c18f658ee23567505601ca87
278.jpg,05eda9520eea6da9ef9d73c03a8c5c25
279.jpg,cb794ea0c05e5ab5771fefc9b79206ed
28.jpg,44bb2dbae271b2a0d1037a7afa665b50
280.jpg,b1f5bb77c9210139d9058f309ddac27b
281.jpg,9b667c4609b0a2f34df33e22151da05e
282.jpg,bb4af987d70937788b271bd6dfb066bf
283.jpg,85dab2eb7b563f688356c23a309c2702
284.jpg,5b1b286207eb9fecd992fcf05c423a50
285.jpg,5aa0f5248eccaffa7b17f4da0c976dd2
286.jpg,86a76b28978e1acca2939e2cf931d863
287.jpg,8ac47dbf2fcc1e4ff05f39eb4a9ed50c
288.jpg,38332fb06b82cb039b5552269327cfa1
289.jpg,cf5eeb29373bfd3c4630365ff9237ec8
29.jpg,72e3e8c19c00e7660d9974b4d1e5350a
290.jpg,d9df205ea00fb41a599953af0a5750ba
291.jpg,da01b4072ad75b420c889e8eab686044
292.jpg,be078f4e5be2416b73618076cffcdbc5
293.jpg,b14201de6881f6f4f7331e23fcb3883b
294.jpg,070c16cbcc37bfc84d5001ca1951da02
295.jpg,e26af2d24bd6b9fc53d3d3e403bd2a3d
296.jpg,4786d91dcc3a3ff73ff5a883339a639a
297.jpg,760374e63f232f5aa8dbfa70956ae5a9
298.jpg,c630702f16c4266e35ab51bc7c726163
299.jpg,0bb36a4da44d7a9abfda22f01fda0f42
3.jpg,fb2a409c8fff9cb933e9922634aea414
30.jpg,99b920e71a68c94352031511e4f46859
300.jpg,4d6e72280675662c100a455dadff1c9a
301.jpg,dd5050e929716bff44c44796111b1b84
302.jpg,d3f48d0fa1dccd6d62c0c05cfd0a2d7f
303.jpg,8085a21497e605b731c5ea6e96163663
304.jpg,b8360bc38b594be8c395fac7c1a39840
305.jpg,de08dd480495c7f7b8b1bbf4a2bc1834
306.jpg,ad5bf3dc39d79581a7ec205660a4ace9
307.jpg,98dd74c2f43aaeb71b0624c5c035d35c
308.jpg,8841f8af86b705a2461c3a5c5d14de19
309.jpg,792bb18154391cbe019b03ce7900e2be
31.jpg,119859412692a3fa9f2618523481df0f
310.jpg,a6251af459ad5e35a3fb7374c882b186
311.jpg,e7e0a2002fbfd5376fc97877de770066
312.jpg,60ba0d7eb0c965a87398cefaa048b800
313.jpg,e56994172f3de3c4680a2a019b9ddda5
314.jpg,d783c9bc75cfc5a35bf5f76c5d55d1d8
315.jpg,90f1ea3b2fc2307e79afabdb05de49d1
316.jpg,01c66fd769552beddafc391057a30c7c
317.jpg,0c77a1a4e24339dd54136226b57d562a
318.jpg,32e80beba4ad1863bbebb6e11e0fd648
319.jpg,03d2329b874b157bae5b566a84fe8b69
32.jpg,212fe48bdc28c371e869980f156b3b47
320.jpg,86816fa5058649aa4994643edb45aea1
321.jpg,59587042fa9f08830aac036950df6675
322.jpg,17972c8a1f484755978a7aae5e36adf3
323.jpg,804316e8dd6be30ec243497428b19a6f
324.jpg,0c151f65f3831129dd15e66c4707d652
325.jpg,103f09e617665c144851a52ab36d22b3
326.jpg,66e401334109d30fea6ad34728c738ff
327.jpg,c8476aeeb88c4074f8202d71261d24ab
328.jpg,55dd932c75575bb4229598274202eb57
329.jpg,146af87bafa0d9c8d055f48cbc2157ae
33.jpg,9dd2318c72b9ac168d1407d2a3720d24
330.jpg,f427ebb4bc6b738c9d4fb0744a3fafb2
331.jpg,a614874b557644d51fb744d535ba136b
332.jpg,48b635bbae008965ea0d243605757c61
333.jpg,b25077c97a2b5934868a4462ab27d99e
334.jpg,411893523cd5f753d74baa7a89ef5208
335.jpg,32de4fb3fb526e28965da763ba33233f
336.jpg,53955a081f913dc72e0611d4589ff431
337.jpg,97b5b203e000e396093da1266c0dcb65
338.jpg,59cadcd30442487eff6946cd77133ed5
339.jpg,ee841d4822c5792607d29819d5efa8e7
34.jpg,ab7ccc8f14f558d45f0020031e4ba145
340.jpg,843a0b3b95aa715c5a15740e5a379d3d
341.jpg,36614654dbcafb8c5b4db4c5c45244ed
342.jpg,2cc61a5849e5695c39f4b15ea9bfc354
343.jpg,665597f3bb67f5a597d1cb719ccf5c2d
344.jpg,008cefe25209b7bfd59f60c58400513e
345.jpg,5bc3bf2d7c7e4820b60da6205a55cc4a
346.jpg,52def912d854ed15060918463f966a4c
347.jpg,d44d98ac5f5d6de984e68d039e432658
348.jpg,5a85cc45da17cdabbc9025bad33cf8ec
349.jpg,88a3b88b79580c7a72e4c7dd49f48f4f
35.jpg,e7f83ed2a170d148a1c797d1b66be6c2
350.jpg,a8d6695156380d00a35d92fd28d2ad2c
351.jpg,75f85296c36b668115c9f0349c28f404
352.jpg,aadad81b2ca3e07fdcd717988226d224
353.jpg,1884d432d0ac3297269d00d89a136c5d
354.jpg,b71914a12bacc3b95bcfb0a0334a3816
355.jpg,a22a31a96e5dbbf2c552c2ad5ebd8fce
356.jpg,bb48937f12b33715bee26f10e6b7867f
357.jpg,40051c3c4a38d827a98cd8de0add4b59
358.jpg,a5ccad6f8d5eeb83d4abe5cc26bd7aec
359.jpg,17ae9aa33e4ea0fb7d852f01802d0e55
36.jpg,533d95aac47c6d8de179ebd42a17bf6b
360.jpg,6c3c3ffd35d9f5a1798fc8e1b44e3238
361.jpg,295517b6ea90ee59efa39e23c5f121b4
362.jpg,5418ad52cabeae13889e2ce13eb4b3bf
363.jpg,c5bfea813f732de5de4848dd6476e49d
364.jpg,ddea00f82dfa8d52a8953529400d10c3
365.jpg,0f746f7ebf0f44f83c1e64eec843bac9
366.jpg,402b5b2006a43ca578890217b05ec181
367.jpg,fc2886e786b0e2f3cb1024df8e7b57ba
368.jpg,40e03ecf55dd80425634ea03b1197fa5
369.jpg,d7562c148234d56e113eb44dead6506a
37.jpg,242046dd049a17302887ecb365fd16b3
370.jpg,9471e6ed7d98cb9b9d952c4c717f4e3b
371.jpg,8d25ea158f1cf0a942498e13f59c8adf
372.jpg,3d1541ec5535fa1d4c05ebb08ecbdaa1
373.jpg,e3c29835021af8acb8c60e5712acd21d
374.jpg,823fcf001f9540c712e8d8b92f208156
375.jpg,0b6829f75dd1350c6f0e9ca1b0144daa
376.jpg,6d58df8c8b9d49cc0b71bd985b6d16f0
377.jpg,d57c04f7c014308557f640f7e325db28
378.jpg,93547b2107de38cef088ecfb6bb40de3
379.jpg,cc9cb58234d8064a529ef6d181da5909
38.jpg,bc042e5d9ed1bb478b613b7c5915bfc6
380.jpg,6dcd31beb27d97d9f63e0bf5c2c3b950
381.jpg,cc6a1df538754fefdf3794379c7e4117
382.jpg,96ca9af15a735f3c9cbde1ad27220de2
383.jpg,bbf5420e5aaa681841bd2c82ddf9faca
384.jpg,81afefcd44385023223ea56d76a71ef5
385.jpg,a9acc5015771ba70a59e68b034948921
386.jpg,c420b3560a431bdd1c0ed4c2f90867b4
387.jpg,fc36a02fb7c9d560a21309bb2d4983b1
388.jpg,7d442378784c3f70abb1a3d066da85bb
389.jpg,9c5e80009a6a6eff7cf142d51ccf949e
39.jpg,9aca832d41744f5be455876f97c34130
390.jpg,cffeadf3d3f65f7d29f2645e553d90d5
391.jpg,b132334e0e62ad2cfb427b24688a62f9
392.jpg,6cfc52ed66bca6b8eda105b6a1839f15
393.jpg,68eed587a025c7b49f662bfff59e75f6
394.jpg,a36cb4c4a64aff630166ce4589bd287d
395.jpg,2fb26a2b580921a725b2962c3ae97f99
396.jpg,e7d8f2a1d9d110aa6bec43aed76f4e0a
397.jpg,cf80ab93d6840175fcafbfaf836e89e3
398.jpg,11ffcbf8d73a67293bd0ee8abdc91f71
399.jpg,38a2c41ba22a27f058c1e1a201de6914
4.jpg,500ce542993ed8cf153e812d58ce9fcb
40.jpg,a479b1c0aa97b8f2c9ad41954eb135f9
400.jpg,adae406ee3742f90c3cf12772282eb58
401.jpg,8b642d7ef979eea7f8582e104c6ed613
402.jpg,c32880f83c6194f2d1bcfc2d947b7b40
403.jpg,6b8c0e5af679444164d3cf7ffe4be7da
404.jpg,21fdade8043353c4232b6fe4ba70c0bd
406.jpg,9e297232db3abfcb414eddd2a340d104
407.jpg,e93e08aecafd5da341356733cd03d6ac
408.jpg,f363d9e32102be9f20537d8506fa7175
409.jpg,4856e6fda494c2a8d9eaaf100135b835
41.jpg,b3a0e8d3246163cc1d07d241b09a0bd3
410.jpg,9bd5e62eaae0a05ba33f4cf692d71d5a
411.jpg,1abf18c91c5f8ca9b64fa34472dcbd1d
412.jpg,26f14b3f00560718b8e20b3c542fe0d8
413.jpg,cc9f9005d08f31e7493b737086378533
414.jpg,ff159893ded8b4ee1a4cc201eab6d7f4
415.jpg,cc264e185a1a331c47d0fa7f7e8487eb
416.jpg,ccecee9fe5fafa5b13acd1f65de64e8e
417.jpg,5e02662a966fccf1f29221ea79bffd0c
418.jpg,c67133f9d1ecead6b6997ca338eeed6a
419.jpg,3e720f72535fd6c29f5738e9fe37137f
42.jpg,1cf918eed9bfac55d16f8b45f5dadd9c
420.jpg,aface9387822c697302b9bd3e6c36809
421.jpg,c6668af5731543e4d1bb0260e587cb9a
422.jpg,fa97a34eb04dc21eaf12c7321d8e7eae
423.jpg,78d7d375b53f3ce280fcee8662e4df28
424.jpg,52f3bf01be85692107007e42112a2449
425.jpg,2c3d90abd770a77ae6d47f8c84b0453b
426.jpg,18170b1d36095c94fbb7a4a378d81f22
427.jpg,ddd78de0016db6d26a37a36f3734a7db
428.jpg,985299c172054eb837bc57322e979e52
429.jpg,24706e237643dc6ceb221280b97d9dcb
43.jpg,d0437d2d343d7a935381414b378d7aff
430.jpg,ee1b04bcb1332c8e7629acf5418f42f5
431.jpg,6d025ff6aa2a0f65c7bd8ffa441597ad
432.jpg,4c4f746081a3c9192734baee16e00218
433.jpg,b65fb7e3ee5c9fcad8d3ecbe16455e01
434.jpg,71d252838ec69879d9c23b1c73d13a43
435.jpg,dd685b5ee2de87bcf579cce115e467d9
436.jpg,95fda336915b75af377b591c1b5b01a3
437.jpg,94b66bdebb8ef4daedbc520b1ac29dd4
438.jpg,e2fc7b23dd75a9dfb8095ee1cda7edf1
439.jpg,5643e383558a81f7662e6f67b7494352
44.jpg,aa20853250d9fde3c4ed5ae1688fc20e
440.jpg,d98be0bf7cb10a13bfb581ca4004a026
441.jpg,eec5fbca1d2b204f0e0481b7265460ea
442.jpg,32fe4df72b090046cfac3f519c08bd97
443.jpg,b57e48d1e26894c26a39c284392ff716
444.jpg,1e1805c8b079ebb7fbe808ff9b939387
445.jpg,e2024f8564e6745bdaa6c2e661167901
446.jpg,86fd65dcf5283c2caef41d68046e1537
447.jpg,e0394ae534cf5c0cf8655f26b02f3e3b
448.jpg,375f52106121e847f4c2a409ddfd481a
449.jpg,e6156795430fe048670bc7b7896d530f
45.jpg,4d8e3b770477c4ce2ec0317f540f55b9
450.jpg,d47b3b5fb436c9458724ddd7e0ebbb33
451.jpg,bd1f71fa46e86f4802f8323205d007fb
453.jpg,d7a6e085566cffa25d1b35b688374b48
454.jpg,fb9ea04d5e4455a41adac1722a3735df
455.jpg,8712f4a4b92bb812098b2ea358ec2f96
456.jpg,e2248d35967f89c6199c36b2e7a5b178
457.jpg,90fc611ebf2762fe478376ff8a2c78da
458.jpg,b994df6eb0f24fcf9fe0235f66fe8d90
459.jpg,c7bd50c48f67491783722354b665d444
46.jpg,f23b55bb56c47de1fdd137fc87e636ed
460.jpg,3de2279bd371ee3015b3afa735c8ca3f
461.jpg,c186d0789b2eb0f10888a3589ba70fcd
462.jpg,215b7c06c5c643f80456f8242196aeb4
463.jpg,fb034295a09027208cab2a882de3014d
464.jpg,9f90ce48909680561523f450920c8a73
465.jpg,4370d3070f0708eadddb23cc5a17509e
466.jpg,c66bd9b5a24c631821a8d65282310f00
467.jpg,17504ab3ce7c9b0e35d94d6de0433adb
468.jpg,bd73cad3d40c53f37462d768ffa5415a
469.jpg,b346e784aab8454c61c3849131df2d6b
47.jpg,09f1bb70bd8a19405fdec1416c575139
470.jpg,d3f7a17d072c657f8acd3c40eba5dc41
471.jpg,003d5655d150c12d951fe119e48f5fca
472.jpg,430dfd7b70c993a0edfe3144edb340e4
473.jpg,8431ed9f4f506cbc705e1cb73b263855
474.jpg,fe10edc2fe1f30dd0469181b0b5b1118
475.jpg,530f14de70530e819f1377a93cf4d3df
476.jpg,5e4819a3cf151edf8e3bc25186eb65f3
477.jpg,e4b58edf31a4209602ee574cd4e514f1
478.jpg,d53de11a60aad7087b4b978a3f4081f3
479.jpg,7705fbe1358d0f12187a959895a7ad0a
48.jpg,75da4868fd3ada40be087a04f4a7c4ad
480.jpg,3eb7b890d86b5cb8e661598e69baa872
481.jpg,0382e9580272ae769c534d8a2a5fe3bd
482.jpg,706e5238a8fe724dcbc36abe95aa4e6a
483.jpg,6260594e342c1c03c41eba804f91c4aa
484.jpg,ed8af3a272b888c252bd07c61891b035
485.jpg,c663e289f1f48d7cc01f240bc348d59e
486.jpg,f6b9b60f0a8dd6a0505761ec4f415b1e
487.jpg,9f85d8bf53d95b43d2ca6de28795311d
488.jpg,be73a662dcda5b181f4165df1f8aaa7e
489.jpg,9c4b4600ebdf5e3de55f4c6d08094365
49.jpg,87a47992edd6558a9f33c64c81d8d58a
490.jpg,12b1f5d3998be24d99ead9843faaa631
491.jpg,4968146e50cdb08e5cf8b2316e8df3f0
492.jpg,774294b19c618bdbe3d2060c5edfbf46
493.jpg,a524060cd9ab65bdc73ee799a8c21a3b
494.jpg,bfb302a28c1d2c8988e6dc3a434a4730
495.jpg,a5b94925239d0c75ff311b5acf50c546
496.jpg,74fa4574d7a244c487764bc3070a2433
497.jpg,3c8a77a283798f00198842827c876ed6
498.jpg,1c8bd826906cf0b35ff9cdd26e2c4a50
499.jpg,b53c5f600d1e5724d0217abfc848b17e
5.jpg,17bdd665594826aa9d4cf898983f458c
50.jpg,8e4269f8888dd9fdb47f7f7af14faba2
500.jpg,6e298811f2492a13c09db47988457c3c
501.jpg,78a99dbf64b1eb1ac2cb5c9379f952a3
502.jpg,7c4f55b0ecd569a837798ddaf99d88a5
503.jpg,9a4cb66958869033f79f629907b305e5
504.jpg,5a7b71a369a8b35989426d6479dbe4bb
505.jpg,87c0d59993d42dc1193040c8c40d244f
506.jpg,0451b2830647b8d8942660308f85b5a3
507.jpg,d69e4e5cd4e95d7060dac2f062668fd9
508.jpg,d00f2c13e075f001bc7b4d7b9635709d
509.jpg,84b32084eb12fa19a0ac220e36bbdb06
51.jpg,1853ce41996a80b12337f74eabb57a01
510.jpg,833e3e81f60b053f018cc811bdd55ccb
511.jpg,25f46fd3e92f1950d7cd5af859a61cb2
512.jpg,3297658367c7756aed6e5ead0beabee6
513.jpg,2d877fead621022f314d06f08dce2084
514.jpg,f0dea88b2346e5b87f7af2ae37c97895
515.jpg,58528d506068b28e4e129b33b08dd55f
516.jpg,ea343122c8a78d4c9284fe0240b44136
517.jpg,58bd3ccfcf0e5db3d46f7863dac9ac76
518.jpg,e58f377b192a17ed7f381adb992f5eba
519.jpg,65e02e65af5a8edd772582be3701078c
52.jpg,2facb233f1d5686ba4c1c2fa607db4dd
521.jpg,ce357ec9fa57fc7cd9343b2aeabd1317
522.jpg,27fac92601f12880b1f4057cb9e627a0
523.jpg,7b7b6995e7dfb7aed1f5a9e87acbddfb
524.jpg,32d45da9cb11e27adaeda66f58fa3375
525.jpg,54689bb36e566ede7a418b6f6ae63ce9
526.jpg,5f18dcd63b58f88005867a6afd3229a3
527.jpg,5b9351dc7da009d67b9411520f861e59
528.jpg,b120cd18e30d81e59290e60f8e8731ef
529.jpg,6feaf2a726f79fbc9a0a9c177e6ab63a
53.jpg,94b0697b2b32b0e953d9285e61a57c61
530.jpg,74c6464310e94100f7be930c6f66edac
531.jpg,8489df80af343ec1d8b03914f41fe4f9
532.jpg,9a61d699aa255be20bd24bfea297707c
533.jpg,3cc4125c82a0acdd863b2534fe1cfb0d
534.jpg,b1f03e7a57ad082bde3c7ac99a292ccf
535.jpg,35b0b0252be1b5634c71fd79c1b37eb4
536.jpg,c0ee10bb752dfdd821c99365b578393c
537.jpg,89ef902c50a0afb578a9d9e1f667f24e
538.jpg,b1c56b385b66be73a5ca86b4a6b3ebd8
539.jpg,3c48ee653012b1fa32e74d59eb10f391
54.jpg,3b038aa14d2be066999047b260656760
540.jpg,a74314528deb1e4ba3fee8b8ce8453fb
541.jpg,d168315b68dd352ac816a8dfad1b55fb
542.jpg,d9b01d1772355c78834e11ac38fb313e
543.jpg,4cde305b0458ddb1a67dd4e5f0d00374
544.jpg,b305dbe52d62831f9e2acafc79082068
545.jpg,29266b3699617a38bef7a885ac0ae4db
546.jpg,8298b80a334aad0d285d8e55af35eb47
547.jpg,3ab3c9d1f0551afd79c8d2ddfe2a9991
548.jpg,d12d1a4c8b367f79a0a14348a09104ee
549.jpg,2008bae08856b8f79d8cf5d726c8d792
55.jpg,1fd5c74ce5c02bee4aacbec49f0bc6f0
550.jpg,b03fddad67219257518f5bb29e7b3755
551.jpg,30dedd94cfa3930fea1bd7069b63fbdd
552.jpg,716a6f484f307590981d1f1afbab7341
553.jpg,6b845a6e8692abd4aa8011fc29374873
554.jpg,be65a63ed0c4c350f84ab2dc879dfba2
556.jpg,ac096c68b20916ee46bfb8e6b536c767
557.jpg,52382c27caec71e370ac1a0576596b86
558.jpg,3a5db53740576b8aead05ad0929f1eb3
559.jpg,2531c1e4d78377c88a83208dafa28b1b
56.jpg,2cff2be71658ac50faa43ae8b29689e0
560.jpg,1ea571fe6ee53e82e40c186f92cc4aba
561.jpg,9519a0196b2bf625eab4c29c764718b3
562.jpg,01b2feb6c98d6b612e1c17bb6e3b38d1
563.jpg,e5f70f2854a74ba0633d9a6b8c266453
564.jpg,42b971a2575950919b5f1e5ebc589ffe
565.jpg,4cc0de8a29530a4938abebc4d68069e9
566.jpg,caab60bada8025dafc65b1aa9396e599
567.jpg,c4d8f1462c083705af413735617bafd0
568.jpg,00d6cb39c64c5d2a685e69dd3166f892
569.jpg,c1a5b4ce2eb1079db18ea30b1154a0c6
57.jpg,51faf97f121d0b711b129f1bebedcdbc
570.jpg,a5b44202125375be1bc70583717cdeaa
571.jpg,aeba8a603243ebe605d1b94f59091475
572.jpg,440aba680bce345069652b01ac4e9c0b
573.jpg,19ba9c2fa55480904ed5e7d4ddd84da3
574.jpg,62ac31b74dfb264dd3be7b9a53ac3736
575.jpg,983d0fad3fe58e2aeac5477603b5a8db
576.jpg,406896b9e3925297c4a3164fad2984c6
577.jpg,5afa7ffacc7b521d1149bffa039aefa9
578.jpg,2b92581a38e99bd917148323b29bbfb3
579.jpg,080b694ecf882fe3daf0750980fbee94
58.jpg,76ee32b8fdb25da407e82452b0119379
580.jpg,ba652fcb9c2e9feb68a8c8daaaf3441c
581.jpg,942ded907ced6cdc60d8f65fce08bdf2
582.jpg,f31298094e9d911e99b68b5483e9e83c
583.jpg,095ac295daf3ed9a4be4dbe95f7c2b80
584.jpg,9f4b79a7986a5d8039f407eba5099a38
585.jpg,5e4b46a905fd1fef0b9d3ceaad81d937
586.jpg,c8e970dd140dfdfc905ec59afa03f78d
587.jpg,b42b2b8497a85cf675c07563324e8811
588.jpg,42558fb8dea6cbc6b6c4d7b0584681e8
589.jpg,0117903429d3f13bd535b3d54668fe91
59.jpg,a36f7912b6a1936d296963d2eb4f59bb
590.jpg,4e4d0a89a4b28a6b7937189fe5d92033
591.jpg,6b9f7b0b233f151abb5adc87c53c5de3
592.jpg,69d0895c310eaa075722156dac51de47
593.jpg,89dca27401a0847e1f52390f28da645c
594.jpg,cce40b4ae7bebd1ae8c68b55ea344f47
595.jpg,55e2b47bdcb6f1a31b1546127db6a387
596.jpg,a08883cee43245d92ee8e3e7e03b4900
597.jpg,bb160345f0695e6e774391a67eb785bd
598.jpg,043dcaa3c24907c91b5818c025e7b967
599.jpg,9105f5893710514029d21b7f66949a8c
6.jpg,4c46f299ef3fbc77959fc12e2a7e02a5
60.jpg,c9d05c3290caf222102be4390dd33b28
600.jpg,32b65b0a63391f970ba25eb5dd021557
601.jpg,ddf10480582fecf38505fdf1afa7c6e1
602.jpg,50fc1609fc5244d4f726b5fe5538f072
603.jpg,9b077d8f3f0b5ee1b3ef7251c1e555c4
604.jpg,dafeb93726f5d15573e4c00a1a43c28f
605.jpg,afeae767eca737039df0cf10ddead981
606.jpg,083ab9acecfe2c441b7b4073481adde6
607.jpg,d1664fa66e07b03a16f377f4c11878c6
608.jpg,2d3cb30b66a44c7263418c04a9e6fc7c
609.jpg,c42a44dd3c5bdc524b9444ecf358c845
61.jpg,ad5b2b5cea00b52e9d6ac3c92e24b368
610.jpg,311375d61e023db437cba30381d7dc7a
611.jpg,7ee8817189f27258816992c533385840
612.jpg,ad2264f96a29878278ed5a82755bb907
613.jpg,560a89837a93eeb9a198cd31524174c9
614.jpg,93af0ff8a377ea2c78f8979b941abcc5
615.jpg,7f632a10e43fc7f664eea2b69bbeb36c
616.jpg,bafaacddb1412fca0ecfa303ef0d629e
617.jpg,d17f6573fca558f133326d350b80899a
618.jpg,3dadfca8c87825c8e249f10ba664daa6
619.jpg,b972cf039dd89ac9cf685260209934a0
62.jpg,1b5eda64cb59fafc0102882faa2cf44e
620.jpg,9150824097f8779056c3749caaabff7e
621.jpg,0b25798e409746094da7a5a2451cfffa
622.jpg,38f57dd1cc57dfcbf92615e489529ac7
623.jpg,379e70f1b1b5f003578f7f6b39ea3039
624.jpg,886d8763a9f5bdcd8ed2983a7046564c
625.jpg,5bf5cea8bf460cf4aaaf54feb9a605bb
626.jpg,e9929804e1379426b007808bcea97374
627.jpg,9cd5e6a6f0f74c64a2ee00d5e7044954
628.jpg,2aabafb89f6d1ca92ebcb0e339a9ddea
629.jpg,de1ee2c77a725e62d551df53ea445dda
63.jpg,2c10a144e1865aa35c2ee851110230f5
630.jpg,775bda03f51f6af5996b099ce2273727
631.jpg,0ac051802065fcdfcdbb84e9e3034e38
632.jpg,5cbd0e3767e157c338f17f7bed413755
633.jpg,af82abe73f45918c3443da1e948349f9
634.jpg,32638d23b8076c9b5b828da0c0cb18c7
635.jpg,9e9b79e75fa4e7af5ecddb50e028fae5
636.jpg,d25fd85aee7e1cbaede48044b31cba36
637.jpg,323cc42f6fd0e6db91b9883c20a7b671
638.jpg,86aeb9d3b33a1c6816aa3e5d7865c6ed
639.jpg,bf01b354177522e360ce8e666fd61140
64.jpg,d0437d2d343d7a935381414b378d7aff
640.jpg,9050d3699d25774175a853a8be09365b
641.jpg,39ab839986556353d9319875e45b6e23
642.jpg,9fda3f249e08e8c4a88b718c4f0d970b
643.jpg,5d9c1b1fa0b73e8bc95f8d79de952315
644.jpg,7b89f636f9b99fcf822a259bc3864d42
645.jpg,549a721ac62eccf28eb85a39a344cf65
646.jpg,292b3d78ab43d1c4a002000b05fcc186
647.jpg,b6afc5c2868b110c94541c4adece32c9
648.jpg,9c326b416471449bcb6d1e093ee47b41
649.jpg,1194f0c64248c1f4ff5c38001a187c29
65.jpg,4d8e3b770477c4ce2ec0317f540f55b9
650.jpg,2b56ea161ddf8145fe3c35d891926641
651.jpg,2325a75f45b74d48fedfabaa3c4bdfba
652.jpg,192065c1300813d28ce0b632dfd98e6c
653.jpg,fef895b965592ec1690a381d4a6e9409
654.jpg,d01efed1c7fa1f7bb9e9c28579437d70
655.jpg,ed92869010d9439e1916f98979b0d819
656.jpg,1edb7a5e7a15253efd5156dda16ec2b9
657.jpg,5edbee1591a2309be5742b575f2af264
658.jpg,0b0220e2ce8698598eaee4a64a555698
659.jpg,35eb2d2a1a5790829b751ba29da10967
66.jpg,3b038aa14d2be066999047b260656760
660.jpg,d3270dba4bedd3e7bd2463934e521f90
661.jpg,9be79dc4addfe25679f9771d0e66e5b6
662.jpg,b5c7fc94767198c737a332f1ca341561
663.jpg,b57159caf9b1a4fd286ca043f13d8074
664.jpg,cdf8be18372101ad6dc1cd3dfc07d427
665.jpg,f7c8cc20223f0f67539020c02ee5461d
666.jpg,ad63a5b421dace8a28a13123257de885
667.jpg,60661932060e299a59d4b30522d7f478
668.jpg,b1bff40b3ed8fd10097e2b2298591e86
669.jpg,d34ff344a64755871a09dc6122f2d88f
67.jpg,8e4269f8888dd9fdb47f7f7af14faba2
670.jpg,7f659b6bf7c7ba5cdd9541b89f3839dd
671.jpg,6bc6432dca4a42bc58a6c65fe2983ecb
672.jpg,644f0c312ba5af13de306e6af585c381
673.jpg,1b5a87b56ef603a3d63910c6739ec4e2
674.jpg,2c206575b1ad3ef8ea46dc7569fb4abd
675.jpg,cb0624657d51a7d2a2b4045f78651d81
676.jpg,e530dc9cffdfe4d68be181203b9086e7
677.jpg,b299bb60730bbe6863162672b3504687
678.jpg,8ca36cd049fab715482fa372ecd844ee
679.jpg,ea97f8492f5c851cad2f384778a191e7
68.jpg,746ff7b67bd00d998dd950e09c84a90b
680.jpg,83a29bc4c0782549f6a275a10d71bb23
681.jpg,bde7b9a29bf74e57b25a6d18f262563e
682.jpg,4705028d136124d14e4d06ac6decae2c
683.jpg,583611576202e8871ef4bc8f59a1cc4a
684.jpg,79f82bac780c0c341d9b33025f1414d0
685.jpg,a62d65c603778e2b3f0027e8399692ea
686.jpg,89d37352f2f7ef99fee60eaabca24ac3
687.jpg,5436a096a95aa4f8bafb63704d682e28
688.jpg,6a3413d86f271ab05e9f6083d7547c26
689.jpg,cb62f0630cda146d891405c3d584bf78
69.jpg,5734df140a8ebcda8c4934249467a2fc
690.jpg,f51731f1dcd29db3e35be332647c982d
691.jpg,31be19dd3c7dbfb321712f5d05d2910f
692.jpg,5efa43f5215706dee44cf9337934dd08
693.jpg,33b8b9c4fba025b2110686003177ec9a
694.jpg,56cd7c5f881d95c57abc92dba968f370
695.jpg,00867e3528c42ca8669ff61bfacb90cd
696.jpg,d1b84c44d3d9906487626e8e33f7d106
697.jpg,20319032197102cc516efa350fdbfcbe
698.jpg,58f446431cbf9bb2354090eb8835e65e
699.jpg,07b45d11d4df26837b699d93583dd394
7.jpg,1d03aaabb5068d184f86bfe73bd4c4fb
70.jpg,2c10a144e1865aa35c2ee851110230f5
700.jpg,567c50f5cd3a7158917fbd89ca5c4e47
701.jpg,575c0d5ed123e9f28c25db969e6aadc0
702.jpg,8d9de8fdb25f7b04c1cb83ddd4a22963
703.jpg,23926cc8b283dde81fd7f740f2f3239e
704.jpg,9548253659bb616b16bec96f5a84f081
705.jpg,e5819be18c01e83fa8f61b9512af2346
706.jpg,904414aa259666f0820a267382bb90c2
707.jpg,c8bd619a26326abe2ca6326b0f9d64e9
708.jpg,801200c39794509dbddd56ce0e452f52
709.jpg,cb9d338d0f743eca2c001a6bb81fc710
71.jpg,680b9d67300068f798400ca2de334df5
710.jpg,1217ad66cfd38b709f47ccd82ded7dda
711.jpg,be19d52380695219f205929dc8e10e4d
712.jpg,33e85a2952fb633464c4d8c1e0837b83
713.jpg,a57865964937a6fabb6c7abedbea7b88
714.jpg,66a1af28b5baa0364fcbc391412d00bc
715.jpg,a82961236aa187f4a8b9f614417e6aaa
716.jpg,a0f801215901a8d774645c17229a894a
717.jpg,b5842d4d93ca876463ab0d0a4e71b91d
718.jpg,17067cf67e5019df774749febb2de814
719.jpg,d5fda5256fdd55b4cb9ee4ca1b886806
72.jpg,f9ffeab450d705e2ee38b9454f9321e7
720.jpg,8f48308c906bd93cb53cd31919341584
721.jpg,4fa3b45511bea87840e8fd58eef54842
722.jpg,3e1b00dce1fbf3efd52b1771c275ef37
723.jpg,aa9bde77d873c85691bc8e31ade4ec66
724.jpg,850752304d2765270f8f9c49315053ba
725.jpg,09ecd27b56f0cd6473eb9422e4ad4ba2
726.jpg,75c8e3621cd5cb53bc525edf6913152f
727.jpg,f49f8e3e346497c27a73cff49e09b451
729.jpg,409f3cffe23c1b7676d690fc83588642
73.jpg,aa7c69779f46cc4233f3107e53066b24
730.jpg,22a1c147206154aa3e868976763c0a0a
731.jpg,d78ffd39a2338c3e266953a8fde3d65d
732.jpg,fea49f267afd906d246d7f6bf3e181bb
733.jpg,3cc6b1202303219db86bf49a0e943f2d
734.jpg,b775f3b1270839229b4ea47a625eedf4
735.jpg,07b274900d745a8265c71e92c4d66d01
736.jpg,9e8bbf67d6cb7c83ac1cb5418938cc2f
737.jpg,b371056959d6562f8694829ad1416fa7
738.jpg,508c7e4e7867d40d25b8a4d1e24948cc
739.jpg,fe293f5dd08282a7aec0e8f2c6239f71
74.jpg,ab01937c47ac772e850a108a822ce78b
740.jpg,b2853f3a9031c93e4b37db65889276a4
741.jpg,72eda741afd5572f211a7dda3deff73f
742.jpg,32235e0d5808540ac91d39a83d454876
743.jpg,4458bc4c0e91b7fbb814f6fae2165d29
744.jpg,0ec27e20550ab21df3d78b2f1e635857
745.jpg,4b29a92681926bc193479c028da0044d
746.jpg,1f7e52a33f1393b5ae511eba063e2ad3
747.jpg,40bb886a116a3280c5749af347e06aa7
748.jpg,a03742e092adbc1b323ee7ca253a0306
749.jpg,f078a77b5dacf447261516b7cc77574b
75.jpg,c446f2031a82ef1fbb2822c55aa7c637
750.jpg,962d42dca6106e5d0d0b544af4ad21c3
751.jpg,e39cd4cc40184c6c1db0a6d4e113471f
752.jpg,ac7b1740651334dd44498b2f1ccb0c8a
753.jpg,799e0683ccebab0c6eb5583b22d52a93
754.jpg,861a52df7fa3084cabd388a1e63a1a06
755.jpg,c83dd574cde6a3debd57e396899d9f5f
756.jpg,fb2b672fdba0406ae635b999b49dc2f9
757.jpg,9fee3b50b5d040613a687ae1e60d219b
758.jpg,a6a3b6e426f87e9f9d5bdd9b1b3ebfb8
759.jpg,061305eb53f159143cf664552e9871cf
76.jpg,734c9b862b99c8061a646fcf19bc1292
760.jpg,07748cd46995ad19df38fc9af7d054ed
761.jpg,9eabf3a7fc08516806696c5f3164bf8e
762.jpg,1028aecdb60a0298312564b03a5dd6c0
763.jpg,43e337e22a20716cb44ad82ac4b48e45
764.jpg,bf400fc481bdef868afb5bdff128c46d
765.jpg,a9a274d62325d2dfa836e06e788d3948
766.jpg,9af3eacc99788780ee0a64e1419f0579
767.jpg,001502ecbd11cc8b023f880fbeb9c8fe
768.jpg,da0daee8b4b899d6d434141ab9614144
769.jpg,b283cd8be2309397f5927fd6f738d96b
77.jpg,91121cf3b78bee1fdf5b4df3a8c66ea9
770.jpg,906e0b88937fed58eef0ad323ec4ce63
771.jpg,8c305a4b71c82bf0e88b03718d641d2b
772.jpg,152aac648b1dd175238baebb0f54b338
773.jpg,143a5dba8d86fd5b840a88d1ab81b719
774.jpg,8448bd1ddefccda16a72a8dd74ca32c2
775.jpg,fcbf76effaaf09b1bce5679df7515e36
776.jpg,7c74b53a0c96bd432b8f0da47a34844a
777.jpg,cf68511bd572d7cd66a3b9c1b19ef3cf
778.jpg,28161f519e72c5b6fb46e5a64ee42066
779.jpg,378073eac4f1fcbd159a74682a5c9d91
78.jpg,4136dd6b937853dca544acfd3e84c4d5
780.jpg,ea3abdd271c2235067c77096404e31fd
781.jpg,a57b0be1eb354902b42c847af8917a76
782.jpg,12703926701fd00fe95af43ca358f78c
783.jpg,daf3f39470df91dd618b852e41f03404
784.jpg,57b2a1ccbf37e4e868da0fa2c698ed10
785.jpg,89abe0ccf6668d8705e86461539fb091
786.jpg,13e49c020cb270533f0dc16fefdd6728
787.jpg,5203e9d8b5526a68776b9a371c9d6e91
788.jpg,b5f03d23cf15a9452f1f0e847058349c
789.jpg,d05a8fc30c9a3319a08c0f3864b3b972
79.jpg,5fc35b186a0f093e01a0469377c3f5bc
790.jpg,6ab12eb1114c2108174075e02a81fd65
791.jpg,ec7aaddda248dc7c0e6227421c645d16
792.jpg,848005e63bbb71fcaceb6f73bec81214
793.jpg,05368beeb8bd09d79eff2c3a2f39e242
794.jpg,2eca7ff60bfdf331b560509c5cb037d9
795.jpg,3fae347ae42e8c4b051630001fa74227
796.jpg,0cb609d916ba7a66a72907aa885482a8
797.jpg,064fbde0be684884b3fbbaf9f562a8ad
798.jpg,c52a33115226a482d5743f07001d731d
799.jpg,39e9f81914fe9e21851a499f49b027f6
8.jpg,6ad8e75c95d9f00649ee1b3e90ac8dce
80.jpg,8124d313912c7d27cba0730198b07322
800.jpg,9f7866b29e45b8aa189373dffc3ae9d3
801.jpg,c4b421f56544e6dc9b610c54636949fe
802.jpg,9b7ebe9bad43dbf8ef85fd6a103d5e3e
803.jpg,7a55b3fc62edbc54111d1683f887a8a4
804.jpg,3395ee56b6edf0acd209b9665c5a4f49
805.jpg,abc6af3e70fe9afd673959c17cd607ee
806.jpg,446e1279b5d688333055866c30a80752
807.jpg,980a9b184e28a889345a046f31659ec2
808.jpg,1d2e4235785f0c11092ef01d0bfb5202
809.jpg,b099f4b561f4950be9495ce7dfccca42
81.jpg,178da341b69b5bd03a999f84ea26f824
810.jpg,08fde88c7d0a8ef00e92aa654865b08f
811.jpg,6024eaae9bb748b5f5f5a103df204591
812.jpg,0f65e1a73a2f2900185f8ae5ce5c8943
813.jpg,c514970487ac33c0a1a07c96787cdbe3
814.jpg,c85935902bbe7d66044866b6cd2649da
815.jpg,6b5e09a148558127c209a83a54e3e6f6
816.jpg,f4658b68be13fee3c8840bd492c0b2de
817.jpg,2a10dcd4e573dd73166caf4585081939
818.jpg,eb278bdd3c8da061e8bb0b38dd3dd509
819.jpg,72870fdfc462f137da273dce6162d742
82.jpg,d7b960df77eba1017413197c23411f89
820.jpg,ab71caa029c85aa7958fe4ad060adad6
821.jpg,1eebcf513e8aa83c75f0c95da17fb354
822.jpg,1066fff29707e34ba7dbe109426093ed
823.jpg,7350c87d735f48ad5593e9745390b300
824.jpg,4128d8b3127f11f05c565bbfe9dbfae8
825.jpg,1b832d22e79881e272537e037f8f9afe
826.jpg,f994e31e755dfeeac02f93dec3efc2b3
827.jpg,afa87aa697da8857c15104498b4763eb
828.jpg,6084e00ec3342faccfb39652c9a3dc7a
829.jpg,cd6386a5d36c9b00cb72a40b66046564
83.jpg,11c6bfe13deeb36139c01b79e83734e6
830.jpg,4b98cb4591ea63e261d65eda65508f85
831.jpg,36c7a8b82e56dc3d06abc0ba813e72cf
832.jpg,3547516780ba1453266fd0e2b3bdb119
833.jpg,ea51b83f3fb85657a4f36d77ec30f1bc
834.jpg,965d1408d916619882879395e7e2e412
835.jpg,7fa501b86e1a67c06feceb43a9973143
836.jpg,5303df7c49856f80b422fbaa11e46cfa
837.jpg,715d78acbd31a9bc4dd8a61bf9f44c7f
838.jpg,7ad66d9d14346e0338f988a86ad46787
839.jpg,e24ea511a146e7122920f33e8f1d958f
84.jpg,afffc1ec6da8d2c9d80a4ab8bb6094c6
840.jpg,1cf559d8b04a93a2c5b2d6d893ac9b78
841.jpg,9f4fa61994ba8610b8abadf0cd4556f4
842.jpg,86952f5f88fb2b62e2bb9d2415e7d523
843.jpg,cefb04af2e40461b4db76ba277bc8c77
844.jpg,03c79765d7ce31fd3ee732ed8939dc3e
845.jpg,7127d3f578086cc12f1d8c808475262b
846.jpg,85a7f7fb0ef0ee113efb88eb51d77e11
847.jpg,b43c0d27b520c299347161b5ba08ef74
848.jpg,49a035382a92a687744ff2dd665eccb5
849.jpg,598c536b80dfd7f99df575f5d6337f25
85.jpg,3a806c4c2325a957bef1c3f78337874a
850.jpg,ec44099c2ce4cc7d3fb21f14df01557f
851.jpg,e6898931dedb057c8bce95d98857675d
852.jpg,7cd55c23c27a557e2b7e74885ac2a0fc
853.jpg,3ebd09b6f06a39f18b4a458f7ae6e773
854.jpg,d1d568c01c447e15faceb8a5f573ca33
855.jpg,82e5f29e4b4ffcb4b02a945883645748
856.jpg,825ab2ef189da6cad0ccf8d76d49659e
857.jpg,6502e750743eb002203dd1c1a40427a7
858.jpg,1e57bd4e8ce8980b15cbc96c012e036c
859.jpg,f4bc4fe6f6162cb300db21c3c4a216f9
86.jpg,50276a3a586b6308fac447b95451a097
860.jpg,3f1ee5d748420e5e0383ebd05e458f1a
861.jpg,e838db5c50f845b15c6724784a94ca6b
862.jpg,99faa24f181d176a4829f80dfd68eb89
863.jpg,99bcb9ba6f0ce3a56c056ce7cd3360fe
864.jpg,ea184749f6c09e3c611969c5ab233317
865.jpg,07709ebadae8016b5bcf44127f50aa7d
866.jpg,f99937084a068abab572ff96f22a34f4
867.jpg,eb43e59c6135e55cc4bbe36f7a6ec776
868.jpg,9422a03b47eff409f0f957b1150f183d
869.jpg,98d58ca8fa7500392618d391ce2e8515
87.jpg,de2f13e8b59926aa3f7f2d64a8f01087
870.jpg,b1a1736e583eb1c8561530649ea7b172
871.jpg,f36540b864984fbce8921ec4c4bf649e
872.jpg,2176fec1dc2c40326b98c13a24eac00a
873.jpg,a5e9a6a72319685c74680cf5bf986c73
874.jpg,c3dccba961564c7ec6ce7c5babc9b148
875.jpg,65cba2b1dd2cc442ceb5a89063962673
876.jpg,cc0fa6f37e78eea5b6cc166f1dd3d058
877.jpg,633a25ebb092a60e52d4640c1bf93e8f
878.jpg,ba08c1ff19209afbffbd9df4f382f199
879.jpg,5222cad321dcce6aa8ea5c9ca891875e
88.jpg,d3e1feb791e9216b91b90881c89d48c3
880.jpg,e0cdfbbbdc5047d0b60a08fe78847787
881.jpg,0c739428840013ef6f36d346fa7b61a5
882.jpg,db19a5f7e44a5c13f142f1cc70486866
883.jpg,8f441ed5d03b4d0cfb2f604a1b2596f4
884.jpg,f9cd084dc8ab30b94e6bd6114b04550f
885.jpg,890a3c109af9d57404b8432c3cfebe23
886.jpg,e8ff30e71b2a03d8d4dacb56717b6305
887.jpg,1b72c803265aebddc90d5b507def51e0
888.jpg,2247261c9f59e43fa6941ab89d59d2e0
889.jpg,0324cad2b481fb3efacd9783fc5dec69
89.jpg,2c79e8702a9d1ee6fbbec2ddc52af249
890.jpg,c3b071ee032cabf9fadad0289decceca
891.jpg,ab0984f5e93c0ae6eb6cc088cfec61f6
892.jpg,92be66ab32d196da587c6cc6afa95060
893.jpg,dd00ba83cf7e24ce933a8a3ca78f9c06
894.jpg,729cd8e406f564c173227fc99274dce5
895.jpg,8e283a8a17dbce0b09719452a76acf03
896.jpg,a24e226a105dee698e8ded16bb83c5dc
897.jpg,0a0c2ec719739b7b677c6149754b648d
898.jpg,17aff06b09bf53efee773716907b57e9
899.jpg,a955be36eb700e3cb714670e6b842322
9.jpg,e55a5f3634ac20d5c84bf9f364ecadc4
90.jpg,16837ef784e7a22289dd47a6a15d10de
900.jpg,d835d0322efbdf48be1846d45acb6399
901.jpg,9ac1c8da9b9ec1987d33929574627c47
902.jpg,790c9fcb227b3554e69c3a33a7c21a23
903.jpg,d65e96b8b9a0de25ce66f8876fd0191f
904.jpg,835648fa24053a43ca73694367db4670
905.jpg,59a8998b428af301871cf17828596098
906.jpg,25f9250cd90842ba1cb2a1897e3b94c0
907.jpg,27aab5f3e625dbb891ed515770a3d34e
908.jpg,f1ec494b905268185fdb69f20dc7a80b
909.jpg,5079bb9ce41e5fdaf927098c6d95c057
91.jpg,5541f1ba03c6f6fc2c2078c9080b0e29
910.jpg,a5cc2672ed665713c62093c1ff025b91
911.jpg,cea16fce65f90d1cbb20557d66a2a117
912.jpg,e03219caac73a6f212195c9f95a31fc7
913.jpg,ac8e1586cc8606db2ea6ceaae4bfc140
914.jpg,49a19b524e6a30572231e62585b91c73
915.jpg,4a349c9137afe55e833162560f42b3e2
916.jpg,b21e3df2187e2d32cd5922a7cb75a213
917.jpg,400399e4e45c9ca5bdb39e4ddb2969dc
918.jpg,45ad44687c478c172911749067b7aed9
919.jpg,bbfd5b464cdfdd88c75d5c5a96c9de39
92.jpg,7badba9bf061b4d64a8ebd134433f867
920.jpg,4ea9cb3b1ca65188fee9c500305b17d6
921.jpg,0355c38046dd72ec5dbf72a253569914
922.jpg,5e0b34bd807ff389e2ad12d097d1430d
924.jpg,6f9297e8d3c365adbc93ebf76d418dfd
925.jpg,cdc8af2360164703a5f7fb030f2815e0
926.jpg,f2b561a517a3abc5b9feb54b7db79151
927.jpg,30610e18403b299892da80cbe3ad1877
928.jpg,4bd76402ee341dfdc84d6b6159fd9b5b
929.jpg,96a747cc85fada46bf852f22500bb1be
93.jpg,d0cf685868bf8aaae9325eba9cb576b3
930.jpg,736b4e94c70fdb6bb4ef02576fa7d64b
931.jpg,ee4224b9a0f88d8dda89f63566718ccb
932.jpg,4c7afeff72fe9db1a9e2383a711eed66
933.jpg,32615fdf93b923ef7aab403e60eafe05
934.jpg,3d0bd12016c8d187095dcb4bbc945ee6
935.jpg,8a54947c63964401407982d525ad2135
936.jpg,1df951e4f7cfbb212c5d23edb523ff8c
937.jpg,7db4ce4a19c31f8217951f4d2e14c7d4
938.jpg,059bdf475c19a05d06d307253397d45a
939.jpg,5d9db3cbb056f3b53203347709918915
94.jpg,c7b763259ad187e7b152d088276ecb64
940.jpg,813d65f595564df89a3953e72b10e4ec
941.jpg,c361a00accc2edea9e52ba7e5f69f6ad
942.jpg,c6a967b7e2598b0aed3f4bb09bad74f1
943.jpg,66465addb35edd7b6131b776e16df650
945.jpg,803c164fe888564040ed0e967e74d67b
946.jpg,cea6beb40c6744d2b64330f482ef2bd9
947.jpg,b267428865130b5c03533f6bd5671286
948.jpg,d42ace4037b9497c00c63244193db358
949.jpg,0781456307e729c145003b4fcce751da
95.jpg,ab01937c47ac772e850a108a822ce78b
950.jpg,de638cc3003d1487426d9d3107d5784c
951.jpg,4755802f78c1a84e47d0d599a5aa2433
952.jpg,4c651585766ed95ae34747bd9224ba6d
953.jpg,50ed8d769ce9b0f5487adc99f101a8d1
954.jpg,99f9324a283e5665f54b6151c2887411
955.jpg,3a92b04e526275dad8e03f3107e60725
956.jpg,bc2a9ac69a6c4bb47cdf5e752762f4bc
957.jpg,c946836ebea613cdf093c996870376e0
958.jpg,27a57e0ecc07238ddd8ad40b261f24b8
959.jpg,760e42c644759d22ba8e87fc02d79cff
96.jpg,1a2e1c0e01c075823b0b2ca5f4f6e6fe
960.jpg,f56959fbb948fe0a9480938b99ef4b26
961.jpg,4f6432210b91009047171e8b50b63851
962.jpg,4bb9cc6b2b71c44493c9fa0314429b1b
963.jpg,10552bad86b3ce2e109bbad08bb7608f
964.jpg,4b979aa8c23dcb2fabac770813c59600
965.jpg,76829900a2743943a6eca3f533fff62f
966.jpg,622752015687b3391834e6f2f62d42c1
967.jpg,7b9a575c402c1838e57ec2585687257f
968.jpg,4f8b817fb2b389954179c71b2ef6ce94
969.jpg,d7af3cee2a417d8d9486bacc21854780
97.jpg,a9b562ba8dda0c92fd3da0b3b0647684
970.jpg,254d04f00b69d5f9c730cc35899d3159
971.jpg,63623605b7ccd76bd3ea0ed4bbfc2f0f
972.jpg,0c6972f97d27f9ef1f1124696ba99fe9
973.jpg,c75bbda7720b539711901ba1d23d7907
974.jpg,f2bae5698adb854cf18765ab9359db0c
975.jpg,37333786d56cf7ffb989c975d494f322
976.jpg,186ef99a61190a553619d22aa0b2138c
977.jpg,178df5043431cb22b6185e1d3a5fae5d
978.jpg,c7fba4de871182d83efab8bde32af4b8
979.jpg,ddaab48d543d9c28ab2eb55aaf37eab5
98.jpg,4136dd6b937853dca544acfd3e84c4d5
980.jpg,2a61cfcd6438e0ca2b4d45bbb6872535
981.jpg,4e3fb327c6851d09b03839b90107ce64
982.jpg,22da0ac7bfaff01437e3d400a1e17f4d
983.jpg,091ac476ab630f8efa4f5c1499d315e2
984.jpg,059f4b7cdbe057b51d983eeebecb1293
985.jpg,ac8fac20725150afed295c3e1a39fe7e
986.jpg,32fad78fed4407385d82526c49675322
987.jpg,756d049eeaca8280c8560f8011af640c
988.jpg,6396f0b938fd6c0b4a792510d982f1c9
989.jpg,6d3b70b2e2b4f7ddbae92e9f25cf3b1f
99.jpg,9423f8ae6e998b0e7ba876f3440ea2a4
990.jpg,01d5cf6247a24c52924ae053aad6cdc9
991.jpg,55150e35f0b849efa05610c1c1e79718
992.jpg,7c78e02119558c0b0fe7fe3a0fb27489
993.jpg,7e5dfca8b5a4c0be7424358f55e840c2
994.jpg,f4c42e9213cdd8ab0d8adbfce5bb8462
995.jpg,a15d55e24a1e26bd83a8ce8cf641a042
996.jpg,772f249bbdda2ce7d0bbc59117f231af
997.jpg,6eff260cdf8d34175c3a2bd183a2dd55
998.jpg,1f56828052c45784294269bef3afa845
999.jpg,691d264cb46e20a1adcfddf1ee492740
